{"cameraMode":{"drawMode":0,"name":"Shaded","section":"Shading Mode"},"sceneLighting":false,"audioPlay":false,"sceneViewState":{"m_AlwaysRefresh":false,"showFog":true,"showSkybox":false,"showFlares":true,"showImageEffects":true,"showParticleSystems":true,"showVisualEffectGraphs":true,"m_FxEnabled":true},"in2DMode":false,"pivot":{"x":-0.5556034445762634,"y":1.6418808698654175,"z":-0.0217592716217041},"rotation":{"x":-0.0007288721390068531,"y":0.9990127086639404,"z":-0.04048216715455055,"w":-0.017983997240662576},"size":1.8306750059127808,"orthographic":false}