{"cameraMode":{"drawMode":0,"name":"Shaded","section":"Shading Mode"},"sceneLighting":true,"audioPlay":false,"sceneViewState":{"m_AlwaysRefresh":false,"showFog":true,"showSkybox":true,"showFlares":true,"showImageEffects":true,"showParticleSystems":true,"showVisualEffectGraphs":true,"m_FxEnabled":true},"in2DMode":false,"pivot":{"x":43.897613525390628,"y":-137.08937072753907,"z":60.027488708496097},"rotation":{"x":-0.6618580222129822,"y":0.0038204826414585115,"z":-0.0033743928652256729,"w":-0.7496065497398377},"size":119.31400299072266,"orthographic":false}